,videoId,channelId,videoTitle,videoDescription,imageUrl,channelTitle,liveBroadcastContent,videoPublishTime,order,query,videoId,videoViewCnt,videoLikeCnt,videoCommentCnt,videoDuration
0,jfKfPfyJRdk,UCSJ4gkVC6NrvII8umztf0Ow,lofi hip hop radio üìö - beats to relax/study to,"Listen on Spotify, Apple music and more ‚Üí https://fanlink.tv/lofigirl-music | Lofi Girl on all social media ...",https://i.ytimg.com/vi/jfKfPfyJRdk/hqdefault_live.jpg,Lofi Girl,live,2022-07-12 21:12:29+09:00,viewCount,lofi,jfKfPfyJRdk,404650857,2767212,0,live
1,lTRiuFIWV54,UCSJ4gkVC6NrvII8umztf0Ow,1 A.M Study Session üìö [lofi hip hop/chill beats],"Create your lofi avatar now ‚Üí https://bit.ly/lofigirl-generator | Listen on Spotify, Apple music and more ...",https://i.ytimg.com/vi/lTRiuFIWV54/hqdefault.jpg,Lofi Girl,none,2019-12-09 07:02:06+09:00,viewCount,lofi,lTRiuFIWV54,107712014,1901689,62179,1H1M14S
2,9RMHHwJ9Eqk,UC9KBo0QUNAZ1baTtjP8MpwA,n u a g e s - Dreams ‚ùÄ,Fae Child's Spotify Playlist: https://spoti.fi/2Okamt1 ‚úøFae Child Ambient: https://spoti.fi/2SkIBBG ‚ùÄLo-fi/Chill Beats: ...,https://i.ytimg.com/vi/9RMHHwJ9Eqk/hqdefault.jpg,Fae Child ‚ùÄ AKA Bijou Violet,none,2013-03-01 18:38:38+09:00,viewCount,lofi,9RMHHwJ9Eqk,74572872,784270,19005,5M33S
3,jrTMMG0zJyI,UC0fiLCwTmAukotCXYnqfj0A,Samurai ‚òØ Japanese Lofi HipHop Mix,Listen on Spotify - https://spoti.fi/40X4RWg Lofi hip hop / Chill beats mix Japanese Mix Tracklist: 0:00 R≈ÆDE - Eternal Youth ...,https://i.ytimg.com/vi/jrTMMG0zJyI/hqdefault.jpg,the bootleg boy,none,2018-05-21 07:00:01+09:00,viewCount,lofi,jrTMMG0zJyI,57375831,1256184,30420,40M2S
4,rUxyKA_-grg,UCSJ4gkVC6NrvII8umztf0Ow,lofi hip hop radio üí§ - beats to sleep/chill to,"Listen on Spotify, Apple music and more ‚Üí https://fanlink.tv/lofigirl-music | Lofi Girl on all social media ...",https://i.ytimg.com/vi/rUxyKA_-grg/hqdefault_live.jpg,Lofi Girl,live,2022-07-14 01:04:34+09:00,viewCount,lofi,rUxyKA_-grg,54934873,491159,0,live
5,5yx6BWlEVcY,UCOxqgCwgOqC2lMqC5PYz_Dg,Chillhop Radio - jazzy &amp; lofi hip hop beats üêæ,Add Chillhop Essentials Summer 2024 to your music library & unlock Freebies „Éª https://chillhop.ffm.to/summer2024.OYD!,https://i.ytimg.com/vi/5yx6BWlEVcY/hqdefault_live.jpg,Chillhop Music,live,2020-03-21 22:21:02+09:00,viewCount,lofi,5yx6BWlEVcY,50671931,372754,8,live
6,_BWPNPtsZm8,UCPwv-SqbNplIIXZXSrwhzvg,Eternal Youth,Provided to YouTube by DistroKid Eternal Youth ¬∑ Rude. Eternal Youth ‚Ñó Chill Squad Released on: 2017-08-07 Auto-generated ...,https://i.ytimg.com/vi/_BWPNPtsZm8/hqdefault.jpg,R≈ÆDE - Topic,none,2017-08-08 01:06:10+09:00,viewCount,lofi,_BWPNPtsZm8,49643579,865971,6200,3M26S
7,BrnDlRmW5hs,UCaziV_mlABegRYAK1RGNfEQ,old songs but it&#39;s lofi remix,Follow us on Spotify: https://sptfy.com/9tWx Follow us on Apple Music: ...,https://i.ytimg.com/vi/BrnDlRmW5hs/hqdefault.jpg,Lo-fi Music,none,2020-07-19 05:25:39+09:00,viewCount,lofi,BrnDlRmW5hs,48112763,1230152,16570,24M1S
8,n61ULEU7CO0,UCSJ4gkVC6NrvII8umztf0Ow,Best of lofi hip hop 2021 ‚ú® [beats to relax/study to],The new Lofi Girl compilation ‚ÄúBest of 2021‚Äù is out now This compilation contains a track cherry-picked from every release on ...,https://i.ytimg.com/vi/n61ULEU7CO0/hqdefault.jpg,Lofi Girl,none,2022-01-01 01:30:13+09:00,viewCount,lofi,n61ULEU7CO0,36860090,371840,6295,6H32M5S
9,mTZL5OoG_0Q,UC7CLR70PwAff4tBUavQ42cw,Chuy·ªán ƒê√¥i Ta (Freak D Lofi Ver.) - Emcee L ft Mu·ªôii,Chuy·ªán ƒê√¥i Ta (Freak D Lofi Ver.) - Emcee L ft Mu·ªôii #freakd‚Äã #lofi‚Äã #chuyendoita ‚ñª Official Mv: https://youtu.be/6eONmnFB9sw ...,https://i.ytimg.com/vi/mTZL5OoG_0Q/hqdefault.jpg,Freak D Music,none,2021-12-04 21:00:17+09:00,viewCount,lofi,mTZL5OoG_0Q,34578230,119516,1501,3M31S
10,xVf4Zk8CBj0,UCaH9AQy86DBIg-BpWzj-csQ,(FREE) Lo-fi Type Beat - I Need a Girl,Free for non profit use only - Must always credit in title (Prod. Lee) ( Read below for full conditions ) Business contact ...,https://i.ytimg.com/vi/xVf4Zk8CBj0/hqdefault.jpg,Lee,none,2019-04-04 15:00:12+09:00,viewCount,lofi,xVf4Zk8CBj0,33176950,695698,17471,4M9S
11,8iU8LPEa4o0,UCOxqgCwgOqC2lMqC5PYz_Dg,Chill Study Beats 4 ‚Ä¢ jazz &amp; lofi hiphop Mix [2017],Thanks to all 1 million of you who share the love for this music. ‚ô• Similar Music on Spotify ¬ª http://bit.ly/CMsingles Tracklist: ...,https://i.ytimg.com/vi/8iU8LPEa4o0/hqdefault.jpg,Chillhop Music,none,2017-10-25 21:50:15+09:00,viewCount,lofi,8iU8LPEa4o0,32654034,340415,8255,2H1M15S
12,YOJsKatW-Ts,UC0fiLCwTmAukotCXYnqfj0A,RAINING IN ÔºØÔº≥Ôº°Ôº´Ôº° (Lofi HipHop),Listen on Spotify - https://spoti.fi/40Wg75i RAINING IN ÔºØÔº≥Ôº°Ôº´Ôº° Lo-fi/Vaporwave beats mix Sleep & Rain mix Listen to another ...,https://i.ytimg.com/vi/YOJsKatW-Ts/hqdefault.jpg,the bootleg boy,none,2019-02-18 08:00:02+09:00,viewCount,lofi,YOJsKatW-Ts,32448215,499539,10684,19M11S
13,1H3s8obvmGw,UCMH3iUW-xRWEHOjvNvsM2Dg,"Raanjhana ve! (slowed√óreverb)@Gauravarya211,Antara mitra|Uddipan| Sonu| Love song (lofi)Soham Naik","Raanjhana ve! (slowed√óreverb)‚Äé@gauravlofi ,Antara mitra|Uddipan| Sonu| Love song (lofi)Soham Naik #love #love #lofi #trending ...",https://i.ytimg.com/vi/1H3s8obvmGw/hqdefault.jpg,Gaurav Zx,none,2023-06-06 15:11:33+09:00,viewCount,lofi,1H3s8obvmGw,32360881,264865,4887,5M1S
14,jd90S8RePo4,UCNIL8XfwGzatCzoeNavAyFA,Falak Tak Chal Sath Mere || ( Slowed + Reverb ) #lofi #lofimusic @koja_asthetic,Created By - koja_asthetic Use Headphone For Better Experience ‚ô•Ô∏è. If You Enjoy My Slowed And Reverb Lo-fi Songs ...,https://i.ytimg.com/vi/jd90S8RePo4/hqdefault.jpg,ùôÑùô©ùô≠ ùôàùô™ùôüùôöùôöùôó ùôàùôñùô°ùôûùô†,none,2023-06-01 22:11:46+09:00,viewCount,lofi,jd90S8RePo4,30141290,233482,3978,6M25S
15,rtTI1rh9U5M,UCGygZw_Qvj1Mi_Uw6D9R-JA,1 Hour Of Night Hindi Lofi Songs To Study \Chill \Relax \Refreshing,latest updates of Lo Fi Song after 1-2 days ‚ú¶ SUBSCRIBE ‚ú¶ Use Headphones for best experience ‚ú¶ Subscribe for new ...,https://i.ytimg.com/vi/rtTI1rh9U5M/hqdefault.jpg,Mood Creations,none,2022-02-16 19:29:17+09:00,viewCount,lofi,rtTI1rh9U5M,29166864,463760,8425,1H6M43S
16,vqXNkEc-WaA,UCjzrDTsJKtMQI33Vii_jEeA,"12 Hours Relaxing Sleep Music üéµ Meditation Music, Stress Relief Music, Study Music | Sounds of Rain","12 hours of relaxing piano music with relaxing rain and thunder sounds. Perfect for study, relaxation, deep sleep. Track ...",https://i.ytimg.com/vi/vqXNkEc-WaA/hqdefault.jpg,Enlightenment Meditation Music,none,2020-12-16 02:00:18+09:00,viewCount,lofi,vqXNkEc-WaA,28869000,665296,15886,11H57M25S
17,mPcLc9qgBS8,UCTBsi8PDf1095_67DBFXYCw,Oceans (Shalom Margaret Cover) - Lofi Remix,Follow @shalommargaret on TikTok: https://www.tiktok.com/@shalommargaret Listen to Shalom Margaret on Spotify: ...,https://i.ytimg.com/vi/mPcLc9qgBS8/hqdefault.jpg,Fasetya,none,2020-10-31 21:00:29+09:00,viewCount,lofi,mPcLc9qgBS8,28805089,467928,5729,3M39S
18,0W2_ZsNvkM4,UCbNB-KMt52Vb7bpMgrr413Q,Khamoshiyan - Arijit Singh (Slowed+Reverb+Lofi) Song | Indian Lofi,Thanks for watching ‚ù§Ô∏è ..use headphones watching.. Telegram - Indian Slowed And Reverb ...,https://i.ytimg.com/vi/0W2_ZsNvkM4/hqdefault.jpg,Indian Slowed And Reverb,none,2021-04-12 22:11:35+09:00,viewCount,lofi,0W2_ZsNvkM4,27801345,391603,6544,6M14S
19,Ir2X1mDi7Y0,UCpiKk7k7VdjLv5FBmYhKbQg,Main Rang Sharbaton Ka-Slowed+Reverb| Use Headphonesüéß| Lofi #arijitsingh  #slowedandreverb #viral,mainrangsharbaton #phataposternikalahero #arijitsingh #slowed #reverb #lofi #useheadphones #love #lovesongs #feel ...,https://i.ytimg.com/vi/Ir2X1mDi7Y0/hqdefault.jpg,You Know Ayush,none,2023-06-30 01:00:22+09:00,viewCount,lofi,Ir2X1mDi7Y0,27207805,180601,3798,5M27S
20,dR17U5-VKtw,UChHXA_Hmsj4nYFoTY8pPdnA,3:30 a.m. ~ lofi hip hop / jazzhop / chillhop mix [study/sleep/homework music],Feardog's Spotify playlists: https://spoti.fi/2mM0pLC ‚ñ≠‚òÜSubscribe and click the bell icon for more chill hip hop beats ‚ô´‚ô™‚òÜ‚ñ≠ ‚ñªI ...,https://i.ytimg.com/vi/dR17U5-VKtw/hqdefault.jpg,Feardog: Lofi Hip Hop,none,2018-10-15 02:45:00+09:00,viewCount,lofi,dR17U5-VKtw,26573577,688846,21568,27M8S
21,Mlq9jrXbEFo,UCTBsi8PDf1095_67DBFXYCw,Heather x Eyes Blue (Lofi Remix),Fran Vasiliƒá - Heather X Eyes Blue (Rewrite) Original https://youtu.be/QMLka1gu9hQ Subscribe Hope You ENJOY Share juga ke ...,https://i.ytimg.com/vi/Mlq9jrXbEFo/hqdefault.jpg,Fasetya,none,2020-10-23 21:00:11+09:00,viewCount,lofi,Mlq9jrXbEFo,26599246,419904,4081,3M1S
22,cbuZfY2S2UQ,UClrzPAgzrAzdWbllvP4Oabg,[ ùë∑ùíçùíÇùíöùíçùíäùíîùíï ]  ÏΩîÎî©Ìï†Îïå Îì£Í∏∞ Ï¢ãÏùÄ ÎÖ∏Îûò ‚Ä¢ lofi type beat ‚Ä¢ 3 hours,3ÏãúÍ∞ÑÏßúÎ¶¨ Î∞òÎ≥µ Ïû¨ÏÉùÏûÖÎãàÎã§ Í¥ëÍ≥†Îäî Ï†úÍ∞Ä ÏÑ§Ï†ï Ìïú Í≤ÉÏù¥ ÏïÑÎãàÎùº ÏùåÏõê Ï†ÄÏûëÍ∂å ÎïåÎ¨∏Ïóê ÏûêÎèô ÏÉùÏÑ±ÎêòÎäî Í¥ëÍ≥†ÏûÖÎãàÎã§ Î™®Îì† ÏàòÏùµÏùÄ ÏùåÏõê ...,https://i.ytimg.com/vi/cbuZfY2S2UQ/hqdefault.jpg,yanu_,none,2020-07-28 20:19:02+09:00,viewCount,lofi,cbuZfY2S2UQ,25841072,0,22664,2H50M28S
23,oBwrlePfchs,UCIEd5t_uEWaFBye5bYIceow,Alone Night -24  Mash-up l Lofi pupil | Bollywood spongs  | Chillout Lo-fi Mix #KaranK2official,drivemashup #lofiboy #bollywoodsongs #Painfullofi #Lovemashup #lofi-mix #karank2official Use Headphone For Better ...,https://i.ytimg.com/vi/oBwrlePfchs/hqdefault.jpg,#KaranK2 official,none,2024-02-15 16:34:46+09:00,viewCount,lofi,oBwrlePfchs,24568994,310717,8145,46M16S
24,ydoiX39piTc,UC7CLR70PwAff4tBUavQ42cw,"ƒê√°nh M·∫•t Em Lofi, Anh M·ªát R·ªìi Lofi...| Nh·∫°c Lofi Bu·ªìn Hay Nh·∫•t C·ªßa FREAK D #5","ƒê√°nh M·∫•t Em Lofi, Anh M·ªát R·ªìi Lofi...| Nh·∫°c Lofi Bu·ªìn Hay Nh·∫•t C·ªßa FREAK D #5 #freakd #lofichill #lofivietnam TRACKLIST ...",https://i.ytimg.com/vi/ydoiX39piTc/hqdefault.jpg,Freak D Music,none,2020-10-04 21:00:12+09:00,viewCount,lofi,ydoiX39piTc,24105099,147637,3531,22M13S
25,CLeZyIID9Bo,UCkKT4qf-TcPFOmpqhTawrGA,Chill Lofi Mix [chill lo-fi hip hop beats],"YouTube Playlists: http://listen.settle.fm/youtube Listen on Spotify, Apple Music & more: https://listen.settle.fm/playlists Tracklist ...",https://i.ytimg.com/vi/CLeZyIID9Bo/hqdefault.jpg,Settle,none,2022-08-12 20:30:07+09:00,viewCount,lofi,CLeZyIID9Bo,23880488,139775,2680,1H44M52S
26,MYTfTKGSRr8,UCUZNK80DemBN3kyxusDLwrA,"Relaxing Sleep Music with Rain Sounds - Relaxing Music, Peaceful Piano Music, Meditation Music","Relaxing Sleep Music with Rain Sounds - Relaxing Music, Peaceful Piano Music, Meditation Music Fall into Deep Sleep with Rain ...",https://i.ytimg.com/vi/MYTfTKGSRr8/hqdefault.jpg,The Soul of Wind,none,2020-11-03 00:15:05+09:00,viewCount,lofi,MYTfTKGSRr8,23591734,474518,12051,10H6M8S
27,ru-O5L2uxho,UCf177kjSQKWZneInEnxjXpg,[Piano ASMR] 3ÏãúÍ∞Ñ Ïó∞ÏÜçÎì£Í∏∞ | ÎπóÏÜåÎ¶¨ÏôÄ Ìï®Íªò Îì£Îäî ÌîºÏïÑÎÖ∏ | ÏãúÏ≤≠Í∞Å ASMR | Piano Music &amp; Rain Sounds,Ïû•ÎßàÏ≤† #ÌäπÏßë #ÌîºÏïÑÎÖ∏Ïó∞ÏÜçÎì£Í∏∞ ÏïàÎÖïÌïòÏÑ∏Ïöî Í∞êÏÑ±ÏùÑ Ïó∞Ï£ºÌïòÎäî ÎÇ®Ïûê ÏÜåÎîîÏûÖÎãàÎã§! Ïò§ÎäòÏùÄ Í≥µÏãùÏãúÎ¶¨Ï¶àÍ∞Ä ÏïÑÎãå Ï†ÄÏùò ÏßÄÎÇú ÏûêÏûëÍ≥° 'Let It Go' ...,https://i.ytimg.com/vi/ru-O5L2uxho/hqdefault.jpg,ÏÜåÎîîÏùò ÏùåÏïÖÍ≥µÎ∞© SodyMusic,none,2019-07-26 14:09:50+09:00,viewCount,lofi,ru-O5L2uxho,22507903,346455,5848,3H2M34S
28,pdYJtRBPlTw,UCaH9AQy86DBIg-BpWzj-csQ,(FREE) Lo-fi Type Beat - Rain,Free for non profit use only - Must always credit in title (Prod. Lee) ( Read below for full conditions ) Business contact ...,https://i.ytimg.com/vi/pdYJtRBPlTw/hqdefault.jpg,Lee,none,2019-03-09 15:30:02+09:00,viewCount,lofi,pdYJtRBPlTw,21901713,466747,9391,3M50S
29,_tV5LEBDs7w,UCSJ4gkVC6NrvII8umztf0Ow,Cozy Winter ‚ùÑÔ∏è [lofi hip hop/study beats],"Listen on Spotify, Apple music and more ‚Üí https://fanlink.to/lofigirl-music | Join the Lofi Girl community ...",https://i.ytimg.com/vi/_tV5LEBDs7w/hqdefault.jpg,Lofi Girl,none,2021-01-17 05:00:11+09:00,viewCount,lofi,_tV5LEBDs7w,21882864,287124,9171,1H18M1S
30,fs0BCIUQ7Ws,UCxXn2yb4qJbG0bKmr3wa4JA,Soulful,Provided to YouTube by IIP-DDS Soulful ¬∑ L'Ind√©cis Playtime ‚Ñó Chillhop Music Released on: 2018-02-28 Producer: Arnaud ...,https://i.ytimg.com/vi/fs0BCIUQ7Ws/hqdefault.jpg,L'Ind√©cis - Topic,none,2020-05-15 21:10:10+09:00,viewCount,lofi,fs0BCIUQ7Ws,21392486,221882,304,3M41S
31,Khd-uyOuhGo,UCnfmOjxm-9fCwexfLqE72jA,Ôº®ÔºØÔºµÔº≥Ôº•¬π (Lo-Fi House Mix),A new segment of my channel I also love house music so I'll be uploading lofi house mixes from time to time Hope everyone ...,https://i.ytimg.com/vi/Khd-uyOuhGo/hqdefault.jpg,Kiffen Beats,none,2018-08-10 12:35:46+09:00,viewCount,lofi,Khd-uyOuhGo,21216693,299829,6510,40M
32,oAGWFop_Hx8,UCwpkceoj8LqJetYfgOzLLfg,kudasai - technicolor,and we're back - dk Song: https://soundcloud.com/kudasaibeats/technicolor Merch: https://teespring.com/stores/ikigai-merch-2 ...,https://i.ytimg.com/vi/oAGWFop_Hx8/hqdefault.jpg,Ikigai,none,2018-06-19 11:08:01+09:00,viewCount,lofi,oAGWFop_Hx8,20578087,202829,3996,4M4S
33,wAPCSnAhhC8,UCSJ4gkVC6NrvII8umztf0Ow,2 A.M Study Session üìö [lofi hip hop/chill beats],"Listen on Spotify, Apple music and more ‚Üí https://fanlink.tv/lofigirl-music | Join the Lofi Girl community ...",https://i.ytimg.com/vi/wAPCSnAhhC8/hqdefault.jpg,Lofi Girl,none,2020-04-01 02:00:15+09:00,viewCount,lofi,wAPCSnAhhC8,20465459,334571,12088,1H2M19S
34,zPyg4N7bcHM,UCoP2nmYSKQ0oisOGCLmPLcQ,Calm Your Anxiety,Spotify: https://open.spotify.com/playlist/4bjrQKiiqNhsk1RgRR1PRF? Instagram: https://www.instagram.com/neotiic/ ...,https://i.ytimg.com/vi/zPyg4N7bcHM/hqdefault.jpg,NEOTIC,none,2020-11-09 07:15:01+09:00,viewCount,lofi,zPyg4N7bcHM,19756567,495470,25933,24M14S
35,CfPxlb8-ZQ0,UCQtJT-hZA3FDTDHnQt9Qqsg,"Work &amp; Study Lofi Jazz - Relaxing Smooth Background Jazz Music for Work, Study, Focus, Coding","Feel free to listen, share, and stream on your favorite places! Please subscribe to our channel and enjoy the latest release: ...",https://i.ytimg.com/vi/CfPxlb8-ZQ0/hqdefault.jpg,Musictag,none,2020-08-09 01:36:44+09:00,viewCount,lofi,CfPxlb8-ZQ0,17956740,160552,2893,3H23M29S
36,59uP6DOkYTM,UC7CLR70PwAff4tBUavQ42cw,C√¥ ·∫§y N√≥i (Lofi Ver.) - Ng√¥ Anh ƒê·∫°t x Freak D,C√¥ ·∫§y N√≥i (Lofi Ver.) - Ng√¥ Anh ƒê·∫°t x Freak D #freakd‚Äã #lofi‚Äã #coaynoi ‚ñª Official Mv: ‚ñª Official Audio: ‚ñª More information about ...,https://i.ytimg.com/vi/59uP6DOkYTM/hqdefault.jpg,Freak D Music,none,2021-06-12 21:00:02+09:00,viewCount,lofi,59uP6DOkYTM,17021174,79364,908,5M31S
37,XN41UJ7EZ4E,UCz0blhNqQzYQkLe8QauglZA,cute lofi mix  songs to help you be happy - ÂØõ„Åí„Çã [ J A P A N E S E   L O F I   F U T U R E   B A S S],"hi guys ! This video is about the 10k special, this means i will also upload this kind of content not just piano music. I hope not to ...",https://i.ytimg.com/vi/XN41UJ7EZ4E/hqdefault.jpg,Andrela-Chxn,none,2020-04-25 18:09:03+09:00,viewCount,lofi,XN41UJ7EZ4E,16413788,0,17254,28M50S
38,p6zYyGTyOVc,UCxhPsyV6SZyMJxCeYRltk4Q,Balam-Ki Nesha--slowed+reverb--Lofi Type,ki nesha lofi ki nesha song ki nesha lyrics ki nesha balam ki nesha lofi remix ki nesha jorale lyrics ki nesha chorale song #lofitype ...,https://i.ytimg.com/vi/p6zYyGTyOVc/hqdefault.jpg,Lofi Type,none,2022-12-12 23:23:20+09:00,viewCount,lofi,p6zYyGTyOVc,15600416,124579,5504,5M31S
39,TURbeWK2wwg,UCSJ4gkVC6NrvII8umztf0Ow,4 A.M Study Session üìö [lofi hip hop/chill beats],"Listen on Spotify, Apple music and more ‚Üí https://fanlink.to/lofigirl-music | Join the Lofi Girl community ...",https://i.ytimg.com/vi/TURbeWK2wwg/hqdefault.jpg,Lofi Girl,none,2021-04-27 04:00:13+09:00,viewCount,lofi,TURbeWK2wwg,15518693,239505,6816,1H1M45S
40,i43tkaTXtwI,UCSJ4gkVC6NrvII8umztf0Ow,Best of lofi hip hop 2022 üéÜ - beats to relax/study to,Get the Best Of on vinyl ! (limited edition): ‚Üí https://bit.ly/3i3clWd The new Lofi Girl compilation ‚ÄúBest of 2022‚Äù is out now 2023 is ...,https://i.ytimg.com/vi/i43tkaTXtwI/hqdefault.jpg,Lofi Girl,none,2022-12-31 05:00:08+09:00,viewCount,lofi,i43tkaTXtwI,14431139,101971,2595,3H19M11S
41,-1CwZ-U7UEs,UCyXAU6RAAXl0vJ_Vt0_ErWQ,1 Hour Of Pure Lofi | Metro Version | Arijit Singh lofi To Travel/Study/Drive/Chill/Relaxing/Peace,1 Hour of Pure Peace | Metro Version | Rain lofi edit to Travel/Chill/Study/Relax/Arijit Singh Aapka 1 SUB hamare liye SAB KUCH ...,https://i.ytimg.com/vi/-1CwZ-U7UEs/hqdefault.jpg,One lofi,none,2022-06-30 13:36:30+09:00,viewCount,lofi,-1CwZ-U7UEs,14305181,237052,4291,1H3M55S
42,nVGNUIj31ks,UC06cxbuQh-VGSQwh3All8kQ,Sad Lofi Songs | Alone Broken Lofi Song [ Slowed + Reverb ],Tags: #sadsongs #nightsongs #sadhindisong Sad Lofi Songs | Alone Broken Lofi Song [ Slowed + Reverb ] Sad Lofi Songs ...,https://i.ytimg.com/vi/nVGNUIj31ks/hqdefault.jpg,Today Best Lofi Song,none,2023-06-12 01:15:03+09:00,viewCount,lofi,nVGNUIj31ks,14042435,152882,4593,26M39S
43,ldUT4FLxql4,UCYVyQv2rUtCMxJAFSuOSpmg,Alone with myself / lofi hip hop mix,Dreamy„Éª„Éª ‚óã Spotify : ‚Üí https://open.spotify.com/user/6qxhced3b0l62lh3fedtbv14y ‚óã Instagram ...,https://i.ytimg.com/vi/ldUT4FLxql4/hqdefault.jpg,Dreamy,none,2018-12-20 23:45:35+09:00,viewCount,lofi,ldUT4FLxql4,13669432,361252,21599,57M36S
44,nP0UdGVfhmQ,UCbNB-KMt52Vb7bpMgrr413Q,Tere Sang Yaara - Atif Aslam Song | Slowed And Reverb Lofi Mix,Thanks For Watching ‚ù§Ô∏è .. Use Headphone For Better Experience.. #atifaslam #lofi #lofimix #slowedreverb #lofihiphop ...,https://i.ytimg.com/vi/nP0UdGVfhmQ/hqdefault.jpg,Indian Slowed And Reverb,none,2021-11-08 01:33:27+09:00,viewCount,LOFI,nP0UdGVfhmQ,21528506,163549,2194,5M41S
45,IWmmv7T-D7U,UC_3mGyIuAsgfP9TG9MIob9Q,Best Instagram Trending Lofi Songs | Slowed+Reverb | Lofi Mashup,Best Instagram Trending Lofi Songs | Slowed+Reverb | Lofi Mashup #bollywoodlofimix #mashupsong #bestmoodoffsong,https://i.ytimg.com/vi/IWmmv7T-D7U/hqdefault.jpg,Slow Waves,none,2023-06-04 01:00:08+09:00,viewCount,LOFI,IWmmv7T-D7U,16593244,151409,3597,23M48S
46,grBFMP3HDZA,UC84whx2xxsiA1gXHXXqKGOA,3-HOUR STUDY WITH MEüè° / calm lofi / A Rainy Evening in Tokyo / with countdown+alarm,"The NO MUSIC version is here. https://youtu.be/cjIEzmgMNk0 Hey guys! I hope you are well, staying safe and healthy. Today we ...",https://i.ytimg.com/vi/grBFMP3HDZA/hqdefault.jpg,Abao in Tokyo,none,2021-08-26 20:00:12+09:00,viewCount,LOFI,grBFMP3HDZA,13253194,289968,6509,2H57M32S
47,ADp9P3p85w0,UCOa-zIys4wcrsGPMvvd6Syw,The Deli - 5:32PM,SUPPORT THE ARTIST: YouTube: https://www.youtube.com/user/xTheDeli BandCamp: http://thedeli.bandcamp.com/ ...,https://i.ytimg.com/vi/ADp9P3p85w0/hqdefault.jpg,Dreamwave,none,2016-04-06 02:31:42+09:00,viewCount,LoFi,ADp9P3p85w0,21146899,394379,9088,2M18S
48,Jjfw_Ca23Tk,UCDRnz_XU2EkBad3uyWHMcTA,"Tu Hi Haqeeqat Lo-fi [slow reverb] | Emraan Hashmi, Soha Ali Khan |",For Best experience Use headphones Subscribe our channel Lo-Fi & slow reverb song Turn on notification for latest update ...,https://i.ytimg.com/vi/Jjfw_Ca23Tk/hqdefault.jpg,(Slow + reverb),none,2023-03-25 13:37:01+09:00,viewCount,LoFi,Jjfw_Ca23Tk,17688639,133569,2713,5M33S
49,-3d1PB3SU3c,UC6tpyBt63bIKnnwfN78T0Pw,Maine Royaan | Lofi~Remix| Tanveer Evan.,Don't forget to use your headphones if you are listening to the lofi tracks. This song was released back in 2013. This was my first ...,https://i.ytimg.com/vi/-3d1PB3SU3c/hqdefault.jpg,Tanveer Evan.,none,2021-03-24 18:34:55+09:00,viewCount,lo-fi,-3d1PB3SU3c,152328537,2568668,91229,5M31S
50,oJnF5VxTO5g,UCZw7umGQbdLvX5R6uvbIK6A,C H I L L V I B E S | Chill &amp; aesthetic music playlist,Spotify Playlist https://open.spotify.com/playlist/02TCfxMQtyBw1dvCrbVaKX?si=vQorjXztTqS3HnuRwTkHLw Good Vibes cap on ...,https://i.ytimg.com/vi/oJnF5VxTO5g/hqdefault.jpg,EYM,none,2017-06-23 08:20:40+09:00,viewCount,lo-fi,oJnF5VxTO5g,78037018,1348956,31239,32M59S
51,LGmqw3yT0NE,UCECO8cpfN_7Rr4GDEqpZTEQ,Night üåÉ sad üíîsongs for sleeping broken heart‚ù§Ô∏è‚Äçü©π | slowed + reverb mix | lofi hindi bollywood song,H E L L O ! WELCOME ON CHANNEL ! Fun2slofi ! Follow me on instagram http://instagram.com/jorwal_11/ business ...,https://i.ytimg.com/vi/LGmqw3yT0NE/hqdefault.jpg,Fun2s LoFi,none,2023-01-27 20:30:07+09:00,viewCount,lo-fi,LGmqw3yT0NE,75241968,967631,39137,18M13S
52,ISNBfryBkSo,UC7tdoGx0eQfRJm9Qj6GCs0A,i will be waiting ~ lofi hiphop mix feat. shiloh,shiloh dynasty infused beat tape! chilled lofi mix for cozy evenings nourish. spotify playlist https://spoti.fi/34jt7n6 on soundcloud ...,https://i.ytimg.com/vi/ISNBfryBkSo/hqdefault.jpg,nourish.,none,2017-09-25 09:04:55+09:00,viewCount,lo-fi,ISNBfryBkSo,48602160,830574,16417,10M1S
53,riVOHkYvzjI,UCh7aocZezr9gnY0uh0uONVA,People X Nainowale Ne (Mashup) - Full Version | Neeti Mohan &amp; Libianca | Lo-fi 2307 | Insta Viral,We are presenting you PEOPLE X NAINO VALE NE (MASHUP) - Full Version | Neeti Mohan & Libianca | Lo-fi 2307 | Insta Viral ...,https://i.ytimg.com/vi/riVOHkYvzjI/hqdefault.jpg,Lo-fi 2307 Official,none,2023-04-17 00:30:22+09:00,viewCount,lo-fi,riVOHkYvzjI,48608486,418701,2063,3M7S
54,9eO079y4Lgk,UCMuPxh75Ca0-A1uADtK3AWw,Deewane Hum Nahi Hote (Slow and Reverb) | Lofi | Hindi - (Slow and Reverb) songs | Lyrical Audio,Deewane Hum Nahi Hote (Slow and Reverb) | Lofi | Hindi - (Slow and Reverb) songs | Lyrical Audio ‚§ã #DeewaneHumNhiHote ...,https://i.ytimg.com/vi/9eO079y4Lgk/hqdefault.jpg,Lyrical Audio,none,2021-05-28 14:59:31+09:00,viewCount,lo-fi,9eO079y4Lgk,47581045,536956,10556,3M30S
55,UjOCe8XpM3g,UCh7aocZezr9gnY0uh0uONVA,Milne Hai Mujhse Aayi (Lo-fi) - Arijit Singh | Lo-fi 2307 &amp; Harshal Music | Jeet G | Aashiqui 2,"We are presenting you ""Milne Hai Mujhse Aai(Lo-fi Remake)"" Our 15th track from 2020 + album series. Follow Me On: Instagram ...",https://i.ytimg.com/vi/UjOCe8XpM3g/hqdefault.jpg,Lo-fi 2307 Official,none,2021-10-03 00:30:09+09:00,viewCount,lo-fi,UjOCe8XpM3g,46805719,588631,2976,3M8S
56,iw7kv_5Mshw,UCrCEi8td15_1DBnrU6h0TRA,Banke Hawa Mein [Slowed+Reverb] Altamash Faridi | Sad Song | Lofi Music Channel,"Banke Hawa Mein [Slowed+Reverb] Altamash Faridi | Sad Song | Lofi Music Channel. FOR BEST EXPERIENCE ,USE .",https://i.ytimg.com/vi/iw7kv_5Mshw/hqdefault.jpg,Lofi Music Channel,none,2023-04-28 18:40:31+09:00,viewCount,lo-fi,iw7kv_5Mshw,40050516,315417,6367,4M18S
57,kaBKIzi7rfA,UCmXFP-4hMiVYl-3ZjgP_tpg,Emraan Hashmi Mashup | Amtee | Bollywood Lofi | Tera Mera Rishta | Ya Ali,EmraanHashmiMashup #AmteeMashup #Lofimashup Emraan Hashmi Broken Heart Mashup | Amtee | Bollywood Lofi | Tera Mera ...,https://i.ytimg.com/vi/kaBKIzi7rfA/hqdefault.jpg,AMTEE,none,2022-08-13 01:00:11+09:00,viewCount,lo-fi,kaBKIzi7rfA,36430295,263016,1697,6M43S
58,kC2l-DODse8,UC-UQ-q1_mvuHZndzaiJdxoQ,Shershaah Lofi Mashup | Vinick | Shershaah All Songs | Bpraak | Darshan Raval | Mann Bharryaa,Shershaah Mashup | Vinick | Shershaah All Songs | Bpraak | Darshan Raval | Mann Bharryaa | Ranjha | Raataan Lambiyaan ...,https://i.ytimg.com/vi/kC2l-DODse8/hqdefault.jpg,VINIICK,none,2021-09-10 21:34:01+09:00,viewCount,lo-fi,kC2l-DODse8,35049716,152799,1057,5M15S
59,SIqnvMt8IMU,UCbNB-KMt52Vb7bpMgrr413Q,Pal - Arijit Singh &amp; Shreya Ghoshal  jalebi Song | Slowed and Reverb Lofi Mix,Thanks For Watching ‚ù§Ô∏è .. Use Headphone For Better Experience.. Telegram - Indian Slowed And Reverb ...,https://i.ytimg.com/vi/SIqnvMt8IMU/hqdefault.jpg,Indian Slowed And Reverb,none,2021-05-26 12:49:37+09:00,viewCount,lo-fi,SIqnvMt8IMU,33623604,456753,4870,4M33S
60,dXl2NdlmeIE,UCAJcxMaiGu-cjzklR-63ojw,Lofi Version | Bajrang Baan (‡§¨‡§ú‡§∞‡§Ç‡§ó ‡§¨‡§æ‡§£)  With Lyrics - Rasraj Ji Maharaj  @lofibhajans,Subscribe us :- https://bit.ly/3EESq5h Make Reels on - https://www.instagram.com/reels/audio/679388703967968/ Available on ...,https://i.ytimg.com/vi/dXl2NdlmeIE/hqdefault.jpg,Vianet LoFi Bhajans,none,2023-02-11 20:28:04+09:00,viewCount,lo-fi,dXl2NdlmeIE,33240020,602482,22035,3M31S
61,4xDzrJKXOOY,UCSJ4gkVC6NrvII8umztf0Ow,synthwave radio üåå - beats to chill/game to,"Listen on Spotify, Apple music and more ‚Üí https://fanlink.tv/ChillSynthwave | Subscribe to this channel for more synthwave ...",https://i.ytimg.com/vi/4xDzrJKXOOY/hqdefault_live.jpg,Lofi Girl,live,2023-07-03 06:17:31+09:00,viewCount,lo-fi,4xDzrJKXOOY,31826144,307859,0,live
62,GdzrrWA8e7A,UCDVKYPXwdYUQfgA05CkyFSg,Zelda &amp; Chill,Support Zelda & Chill ~ https://vgm.fm/zeldachill Zelda & Chill combines the Legend of Zelda video game music with laid-back lofi ...,https://i.ytimg.com/vi/GdzrrWA8e7A/hqdefault.jpg,GameChops,none,2018-09-14 22:43:18+09:00,viewCount,lo-fi,GdzrrWA8e7A,30856099,513925,18291,40M46S
63,Yh_M4UqcNWI,UCTBPZ6VnW88dTjYlrL2OF0g,Kabhi To Paas Mere Aao (Slowed+Reverb) Song Shrey Singhal | R.T Lofi,Kabhi To Paas Mere Aao (Slowed+Reverb) Song Shrey Singhal | R.T Lofi . . #slowedreverb #viralvideo FOR BETTER ...,https://i.ytimg.com/vi/Yh_M4UqcNWI/hqdefault.jpg,R.T Lofi,none,2023-02-21 21:54:24+09:00,viewCount,lo-fi,Yh_M4UqcNWI,26645310,198551,2986,4M47S
64,rA56B4JyTgI,UCKuHFYu3smtrl2AwwMOXOlg,chill beats to quarantine to,Stuck at home? Throw these lofi beats in the mix and vibe #withme. Get my Bel-Air hoodie here: http://belairathletics.com ...,https://i.ytimg.com/vi/rA56B4JyTgI/hqdefault.jpg,Will Smith,none,2020-03-21 03:27:34+09:00,viewCount,lo-fi,rA56B4JyTgI,19607647,870637,37537,1H30M
65,Bpd9w8cmEuQ,UCLM1zgbM3Mv4kNTdzlbvTJQ,Ishq De Fanniyar - Slowed + Lofi ft @neelesh2405,SHARE WITH UR FRIENDS========== SONG DOWNLOAD LINK TELEGRAM ...,https://i.ytimg.com/vi/Bpd9w8cmEuQ/hqdefault.jpg,ASHU 07,none,2021-10-19 20:07:11+09:00,viewCount,lo-fi,Bpd9w8cmEuQ,19308771,230076,2302,5M49S
66,BLlTFapgvOo,UCAJcxMaiGu-cjzklR-63ojw,Rasraj Ji Maharaj - Lo-fi Version ‡§∂‡•ç‡§∞‡•Ä ‡§π‡§®‡•Å‡§Æ‡§æ‡§® ‡§ö‡§æ‡§≤‡•Ä‡§∏‡§æ { Slowed &amp; Reverb } Shree Hanuman Chalisa,"The Hanuman Chalisa is a Hindu devotional hymn in praise of Hanuman. It was authored by Tulsidas in the Awadhi language, ...",https://i.ytimg.com/vi/BLlTFapgvOo/hqdefault.jpg,Vianet LoFi Bhajans,none,2023-04-05 23:16:37+09:00,viewCount,lo-fi,BLlTFapgvOo,18981893,244225,8048,4M19S
67,7NOSDKb0HlU,UCOxqgCwgOqC2lMqC5PYz_Dg,lofi hip hop radio - beats to study/relax to üêæ,Add Chillhop Essentials Summer 2024 to your music library & unlock Freebies „Éª https://chillhop.ffm.to/summer2024.OYD!lofiradio ...,https://i.ytimg.com/vi/7NOSDKb0HlU/hqdefault_live.jpg,Chillhop Music,live,2020-03-21 22:58:03+09:00,viewCount,LO-FI,7NOSDKb0HlU,34902259,320083,2,live
68,eLjmQ0aGC1U,UCjKENf7bTijQAecowvhlAHQ,"Tere Hawaale - Lofi (Slowed + Reverb) | Arijit Singh, Shilpa Rao | SR Lofi","Tere Hawaale - Lofi (Slowed + Reverb) | Arijit Singh, Shilpa Rao | SR Lofi Presenting Lofi (Slowed + Reverb) Version of Tere ...",https://i.ytimg.com/vi/eLjmQ0aGC1U/hqdefault.jpg,SR Lofi,none,2022-08-04 15:03:10+09:00,viewCount,Lo-fi,eLjmQ0aGC1U,17199769,212444,4504,6M24S
69,s49CT4DTAkw,UCOxqgCwgOqC2lMqC5PYz_Dg,Chillhop Yearmix 2019 ‚òïÔ∏è jazz beats &amp; lofi hip hop,"To close off the year, here are 2.5 hours of the best chillhop / lofi hip hop tracks in 2019! What's your favorite Chillhop track(s) of ...",https://i.ytimg.com/vi/s49CT4DTAkw/hqdefault.jpg,Chillhop Music,none,2019-12-28 05:00:11+09:00,viewCount,Lo-fi,s49CT4DTAkw,16553869,174755,4130,2H29M26S
